RAJA (148).jpg,00830None
RAJA (74).jpg,00630None
RAJA (1).jpg,000519
RAJA (86).jpg,006850
RAJA (124).jpg,002530
RAJA (107).jpg,000250
RAJA (47).jpg,00340None
RAJA (38).jpg,00550None
RAJA (98).jpg,000719
RAJA (122).jpg,000252
RAJA (60).jpg,003220
RAJA (97).jpg,000730
RAJA (25).jpg,200516
RAJA (8).jpg,000523
RAJA (3).jpg,000513
RAJA (10).jpg,000525
RAJA (119).jpg,60NoneNoneNoneNone
RAJA (51).jpg,000616
RAJA (6).jpg,007520
RAJA (34).jpg,005620
RAJA (40).jpg,005830
RAJA (93).jpg,006980
RAJA (5).jpg,000521
RAJA (110).jpg,000235
RAJA (115).jpg,00530None
RAJA (168).jpg,007533
RAJA (72).jpg,006430
RAJA (81).jpg,007790
RAJA (65).jpg,006300
RAJA (49).jpg,00030None
RAJA (15).jpg,00080None
RAJA (61).jpg,006220
RAJA (18).jpg,200533
RAJA (27).jpg,307546
RAJA (4).jpg,000521
RAJA (23).jpg,200536
RAJA (150).jpg,000830
RAJA (75).jpg,006600
RAJA (103).jpg,000250
RAJA (30).jpg,000558
RAJA (90).jpg,006910
RAJA (17).jpg,200532
RAJA (46).jpg,0050NoneNone
RAJA (48).jpg,003596
RAJA (127).jpg,002560
RAJA (91).jpg,006940
RAJA (71).jpg,00620None
RAJA (20).jpg,300535
RAJA (140).jpg,000490
RAJA (147).jpg,008110
RAJA (14).jpg,000525
RAJA (153).jpg,000832
RAJA (134).jpg,002700
RAJA (11).jpg,000523
RAJA (131).jpg,008670
RAJA (29).jpg,307556
RAJA (163).jpg,000842
RAJA (149).jpg,000820
RAJA (106).jpg,00020None
RAJA (39).jpg,005850
RAJA (41).jpg,003584
RAJA (121).jpg,000249
RAJA (45).jpg,000594
RAJA (69).jpg,00670None
RAJA (162).jpg,000840
RAJA (82).jpg,006780
RAJA (144).jpg,000830
RAJA (37).jpg,00500None
RAJA (53).jpg,00620None
RAJA (54).jpg,00660None
RAJA (102).jpg,220NoneNoneNone
RAJA (9).jpg,000525
RAJA (19).jpg,600533
RAJA (35).jpg,003564
RAJA (80).jpg,00630None
RAJA (157).jpg,000850
RAJA (7).jpg,000530
RAJA (24).jpg,20016None
RAJA (26).jpg,200556
RAJA (50).jpg,000630
RAJA (52).jpg,000313
RAJA (151).jpg,00870None
RAJA (101).jpg,007140
RAJA (155).jpg,000870
RAJA (158).jpg,000830
RAJA (63).jpg,003200
RAJA (167).jpg,00090None
RAJA (128).jpg,002580
RAJA (159).jpg,000838
RAJA (57).jpg,006170
RAJA (164).jpg,000849
RAJA (139).jpg,00090None
RAJA (160).jpg,000839
RAJA (84).jpg,00650None
RAJA (125).jpg,000250
RAJA (2).jpg,002800
RAJA (78).jpg,003669
RAJA (85).jpg,006850
RAJA (105).jpg,000724
RAJA (62).jpg,006260
RAJA (76).jpg,00350None
RAJA (77).jpg,000367
RAJA (142).jpg,000850
RAJA (68).jpg,006350
RAJA (79).jpg,00630None
RAJA (96).jpg,10NoneNoneNoneNone
RAJA (109).jpg,002330
RAJA (67).jpg,006330
RAJA (16).jpg,600536
RAJA (145).jpg,000830
RAJA (133).jpg,000274
RAJA (129).jpg,00550None
RAJA (70).jpg,00610None
RAJA (100).jpg,007170
RAJA (21).jpg,30076None
RAJA (104).jpg,000721
RAJA (166).jpg,600360
RAJA (136).jpg,000580
RAJA (31).jpg,000558
RAJA (99).jpg,000712
RAJA (32).jpg,007559
RAJA (66).jpg,006320
RAJA (126).jpg,000254
RAJA (94).jpg,007300
RAJA (132).jpg,000579
RAJA (108).jpg,002332
RAJA (43).jpg,0040NoneNone
RAJA (89).jpg,003690
RAJA (117).jpg,00500None
RAJA (154).jpg,00030None
RAJA (87).jpg,006880
RAJA (146).jpg,000800
RAJA (156).jpg,000850
RAJA (111).jpg,003340
RAJA (130).jpg,002660
RAJA (152).jpg,000828
RAJA (112).jpg,00300None
RAJA (118).jpg,00030None
RAJA (92).jpg,007695
RAJA (114).jpg,002380
RAJA (36).jpg,000560
RAJA (169).jpg,00330None
RAJA (137).jpg,000284
RAJA (64).jpg,006300
RAJA (83).jpg,00790None
RAJA (116).jpg,00230None
RAJA (59).jpg,00620None
RAJA (123).jpg,000555
RAJA (165).jpg,000560
RAJA (44).jpg,005660
RAJA (138).jpg,004900
RAJA (13).jpg,200525
RAJA (56).jpg,006170
RAJA (22).jpg,300538
RAJA (58).jpg,006210
RAJA (88).jpg,006890
RAJA (55).jpg,006160
RAJA (33).jpg,005620
RAJA (28).jpg,300551
RAJA (73).jpg,006500
RAJA (135).jpg,000379
RAJA (42).jpg,005860
RAJA (143).jpg,000836
RAJA (141).jpg,00870None
RAJA (12).jpg,007536
RAJA (161).jpg,000840
RAJA (120).jpg,000246
RAJA (95).jpg,007320
RAJA (113).jpg,00230None
