RAJA (37).jpg,000594
RAJA (103).jpg,00090None
RAJA (21).jpg,200536
RAJA (3).jpg,000521
RAJA (131).jpg,007533
RAJA (78).jpg,002330
RAJA (46).jpg,00620None
RAJA (22).jpg,20016None
RAJA (32).jpg,00500None
RAJA (104).jpg,000490
RAJA (65).jpg,006980
RAJA (5).jpg,000530
RAJA (107).jpg,000836
RAJA (121).jpg,000830
RAJA (34).jpg,005860
RAJA (31).jpg,000560
RAJA (113).jpg,000820
RAJA (28).jpg,007559
RAJA (29).jpg,005620
RAJA (99).jpg,000379
RAJA (106).jpg,000850
RAJA (17).jpg,600533
RAJA (74).jpg,000724
RAJA (68).jpg,10NoneNoneNoneNone
RAJA (83).jpg,002380
RAJA (2).jpg,000521
RAJA (85).jpg,00500None
RAJA (89).jpg,000252
RAJA (14).jpg,600536
RAJA (124).jpg,000840
RAJA (88).jpg,000249
RAJA (50).jpg,006300
RAJA (15).jpg,200532
RAJA (48).jpg,006220
RAJA (81).jpg,00300None
RAJA (76).jpg,000250
RAJA (51).jpg,006300
RAJA (1).jpg,002800
RAJA (116).jpg,000832
RAJA (129).jpg,600360
RAJA (69).jpg,000719
RAJA (20).jpg,300538
RAJA (117).jpg,00030None
RAJA (94).jpg,002660
RAJA (66).jpg,007300
RAJA (9).jpg,000523
RAJA (79).jpg,000235
RAJA (40).jpg,000616
RAJA (90).jpg,000555
RAJA (70).jpg,000712
RAJA (39).jpg,000630
RAJA (47).jpg,003220
RAJA (4).jpg,007520
RAJA (123).jpg,000839
RAJA (44).jpg,006170
RAJA (13).jpg,00080None
RAJA (128).jpg,000560
RAJA (42).jpg,00620None
RAJA (56).jpg,00630None
RAJA (54).jpg,00670None
RAJA (35).jpg,0040NoneNone
RAJA (84).jpg,00530None
RAJA (67).jpg,007320
RAJA (45).jpg,006170
RAJA (109).jpg,000830
RAJA (10).jpg,007536
RAJA (53).jpg,006350
RAJA (86).jpg,00030None
RAJA (97).jpg,000274
RAJA (18).jpg,300535
RAJA (72).jpg,007140
RAJA (73).jpg,000721
RAJA (132).jpg,00330None
RAJA (108).jpg,000830
RAJA (130).jpg,00090None
RAJA (26).jpg,000558
RAJA (80).jpg,003340
RAJA (52).jpg,006330
RAJA (118).jpg,000870
RAJA (63).jpg,003690
RAJA (24).jpg,307546
RAJA (92).jpg,000254
RAJA (38).jpg,0050NoneNone
RAJA (55).jpg,00620None
RAJA (96).jpg,000579
RAJA (33).jpg,005850
RAJA (93).jpg,002560
RAJA (87).jpg,60NoneNoneNoneNone
RAJA (57).jpg,00350None
RAJA (12).jpg,000525
RAJA (6).jpg,000523
RAJA (127).jpg,000849
RAJA (95).jpg,008670
RAJA (49).jpg,006260
RAJA (7).jpg,000525
RAJA (91).jpg,002530
RAJA (77).jpg,002332
RAJA (41).jpg,000313
RAJA (120).jpg,000850
RAJA (25).jpg,307556
RAJA (8).jpg,000525
RAJA (11).jpg,200525
RAJA (101).jpg,000284
RAJA (30).jpg,005620
RAJA (59).jpg,00630None
RAJA (133).jpg,000519
RAJA (60).jpg,00630None
RAJA (61).jpg,00650None
RAJA (19).jpg,30076None
RAJA (43).jpg,006160
RAJA (62).jpg,006890
RAJA (16).jpg,200533
RAJA (115).jpg,00870None
RAJA (125).jpg,000840
RAJA (64).jpg,006910
RAJA (58).jpg,003669
RAJA (36).jpg,005660
RAJA (119).jpg,000850
RAJA (112).jpg,00830None
RAJA (23).jpg,200556
RAJA (111).jpg,008110
RAJA (98).jpg,002700
RAJA (102).jpg,004900
RAJA (82).jpg,00230None
RAJA (126).jpg,000842
RAJA (100).jpg,000580
RAJA (110).jpg,000800
RAJA (114).jpg,000830
RAJA (105).jpg,00870None
RAJA (27).jpg,000558
RAJA (122).jpg,000838
RAJA (75).jpg,00020None
RAJA (71).jpg,007170
